{"v":"5.4.3","fr":30,"ip":0,"op":45,"w":130,"h":194,"nm":"00","ddd":0,"assets":[],"layers":[{"ddd":0,"ind":1,"ty":4,"nm":".number-0 .darkfill","cl":"number-0 darkfill","td":1,"sr":1,"ks":{"o":{"a":0,"k":100,"ix":11},"r":{"a":0,"k":0,"ix":10},"p":{"a":0,"k":[69,97,0],"ix":2},"a":{"a":0,"k":[0,0,0],"ix":1},"s":{"a":0,"k":[100,100,100],"ix":6}},"ao":0,"shapes":[{"ty":"gr","it":[{"ind":0,"ty":"sh","ix":1,"ks":{"a":0,"k":{"i":[[0,0],[0,0],[0,0],[0,0]],"o":[[0,0],[0,0],[0,0],[0,0]],"v":[[60.061,31.625],[-67.939,31.625],[-67.939,-32.375],[60.061,-32.375]],"c":true},"ix":2},"nm":"Path 1","mn":"ADBE Vector Shape - Group","hd":false},{"ty":"fl","c":{"a":0,"k":[0.203921571374,0.658823549747,0.32549020648,1],"ix":4},"o":{"a":0,"k":100,"ix":5},"r":1,"bm":0,"nm":"Fill 1","mn":"ADBE Vector Graphic - Fill","hd":false},{"ty":"tr","p":{"a":0,"k":[0,0],"ix":2},"a":{"a":0,"k":[0,0],"ix":1},"s":{"a":0,"k":[100,100],"ix":3},"r":{"a":0,"k":0,"ix":6},"o":{"a":0,"k":100,"ix":7},"sk":{"a":0,"k":0,"ix":4},"sa":{"a":0,"k":0,"ix":5},"nm":"Transform"}],"nm":"Group 1","np":2,"cix":2,"bm":0,"ix":1,"mn":"ADBE Vector Group","hd":false}],"ip":0,"op":45,"st":0,"bm":0},{"ddd":0,"ind":2,"ty":4,"nm":".number-0 .darkfill","cl":"number-0 darkfill","tt":1,"sr":1,"ks":{"o":{"a":0,"k":100,"ix":11},"r":{"a":0,"k":0,"ix":10},"p":{"a":1,"k":[{"i":{"x":0.16,"y":1},"o":{"x":0.84,"y":0},"n":"0p16_1_0p84_0","t":0,"s":[-61,97,0],"e":[69,97,0],"to":[21.6666660308838,0,0],"ti":[-21.6666660308838,0,0]},{"i":{"x":0.16,"y":0.16},"o":{"x":0.84,"y":0.84},"n":"0p16_0p16_0p84_0p84","t":15,"s":[69,97,0],"e":[69,97,0],"to":[0,0,0],"ti":[0,0,0]},{"i":{"x":0.16,"y":1},"o":{"x":0.84,"y":0},"n":"0p16_1_0p84_0","t":30,"s":[69,97,0],"e":[-61,97,0],"to":[-21.6666660308838,0,0],"ti":[21.6666660308838,0,0]},{"t":44}],"ix":2},"a":{"a":0,"k":[0,0,0],"ix":1},"s":{"a":0,"k":[100,100,100],"ix":6}},"ao":0,"shapes":[{"ty":"gr","it":[{"ind":0,"ty":"sh","ix":1,"ks":{"a":0,"k":{"i":[[0,0],[0,0],[0,0],[0,0]],"o":[[0,0],[0,0],[0,0],[0,0]],"v":[[60.061,31.625],[-67.939,31.625],[-67.939,-32.375],[60.061,-32.375]],"c":true},"ix":2},"nm":"Path 1","mn":"ADBE Vector Shape - Group","hd":false},{"ty":"fl","c":{"a":0,"k":[0.203921571374,0.658823549747,0.32549020648,1],"ix":4},"o":{"a":0,"k":100,"ix":5},"r":1,"bm":0,"nm":"Fill 1","mn":"ADBE Vector Graphic - Fill","hd":false},{"ty":"tr","p":{"a":0,"k":[0,0],"ix":2},"a":{"a":0,"k":[0,0],"ix":1},"s":{"a":0,"k":[100,100],"ix":3},"r":{"a":0,"k":0,"ix":6},"o":{"a":0,"k":100,"ix":7},"sk":{"a":0,"k":0,"ix":4},"sa":{"a":0,"k":0,"ix":5},"nm":"Transform"}],"nm":".darkfill","np":2,"cix":2,"bm":0,"ix":1,"mn":"ADBE Vector Group","hd":false,"cl":"darkfill"}],"ip":0,"op":45,"st":0,"bm":0},{"ddd":0,"ind":3,"ty":4,"nm":".number-0 .lightfill","cl":"number-0 lightfill","td":1,"sr":1,"ks":{"o":{"a":0,"k":100,"ix":11},"r":{"a":0,"k":0,"ix":10},"p":{"a":0,"k":[69,97,0],"ix":2},"a":{"a":0,"k":[0,0,0],"ix":1},"s":{"a":0,"k":[100,100,100],"ix":6}},"ao":0,"shapes":[{"ty":"gr","it":[{"ind":0,"ty":"sh","ix":1,"ks":{"a":0,"k":{"i":[[-35.346,0],[0,35.346],[0,0]],"o":[[35.346,0],[0,0],[0,35.346]],"v":[[-3.939,95.625],[60.061,31.625],[-67.939,31.625]],"c":true},"ix":2},"nm":"Path 1","mn":"ADBE Vector Shape - Group","hd":false},{"ty":"fl","c":{"a":0,"k":[0.807843148708,0.917647063732,0.839215695858,1],"ix":4},"o":{"a":0,"k":100,"ix":5},"r":1,"bm":0,"nm":"Fill 1","mn":"ADBE Vector Graphic - Fill","hd":false},{"ty":"tr","p":{"a":0,"k":[0,0],"ix":2},"a":{"a":0,"k":[0,0],"ix":1},"s":{"a":0,"k":[100,100],"ix":3},"r":{"a":0,"k":0,"ix":6},"o":{"a":0,"k":100,"ix":7},"sk":{"a":0,"k":0,"ix":4},"sa":{"a":0,"k":0,"ix":5},"nm":"Transform"}],"nm":"Group 1","np":2,"cix":2,"bm":0,"ix":1,"mn":"ADBE Vector Group","hd":false}],"ip":0,"op":45,"st":0,"bm":0},{"ddd":0,"ind":4,"ty":4,"nm":".number-0. lightfill","cl":"number-0 ","tt":1,"sr":1,"ks":{"o":{"a":0,"k":100,"ix":11},"r":{"a":0,"k":0,"ix":10},"p":{"a":1,"k":[{"i":{"x":0.16,"y":1},"o":{"x":0.84,"y":0},"n":"0p16_1_0p84_0","t":0,"s":[69,31.5,0],"e":[69,97,0],"to":[0,10.9166669845581,0],"ti":[0,-10.9166669845581,0]},{"i":{"x":0.629,"y":0.629},"o":{"x":0.912,"y":0.912},"n":"0p629_0p629_0p912_0p912","t":15,"s":[69,97,0],"e":[69,97,0],"to":[0,0,0],"ti":[0,0,0]},{"i":{"x":0.16,"y":1},"o":{"x":0.84,"y":0},"n":"0p16_1_0p84_0","t":30,"s":[69,97,0],"e":[69,31.5,0],"to":[0,-10.9166669845581,0],"ti":[0,10.9166669845581,0]},{"t":44}],"ix":2},"a":{"a":0,"k":[0,0,0],"ix":1},"s":{"a":0,"k":[100,100,100],"ix":6}},"ao":0,"shapes":[{"ty":"gr","it":[{"ind":0,"ty":"sh","ix":1,"ks":{"a":0,"k":{"i":[[-35.346,0],[0,35.346],[0,0]],"o":[[35.346,0],[0,0],[0,35.346]],"v":[[-3.939,95.625],[60.061,31.625],[-67.939,31.625]],"c":true},"ix":2},"nm":"Path 1","mn":"ADBE Vector Shape - Group","hd":false},{"ty":"fl","c":{"a":0,"k":[0.807843148708,0.917647063732,0.839215695858,1],"ix":4},"o":{"a":0,"k":100,"ix":5},"r":1,"bm":0,"nm":"Fill 1","mn":"ADBE Vector Graphic - Fill","hd":false},{"ty":"tr","p":{"a":0,"k":[0,0],"ix":2},"a":{"a":0,"k":[0,0],"ix":1},"s":{"a":0,"k":[100,100],"ix":3},"r":{"a":0,"k":0,"ix":6},"o":{"a":0,"k":100,"ix":7},"sk":{"a":0,"k":0,"ix":4},"sa":{"a":0,"k":0,"ix":5},"nm":"Transform"}],"nm":".lightfill","np":2,"cix":2,"bm":0,"ix":1,"mn":"ADBE Vector Group","hd":false,"cl":"lightfill"}],"ip":0,"op":45,"st":0,"bm":0},{"ddd":0,"ind":5,"ty":4,"nm":".number-0 .lightstroke","cl":"number-0 lightstroke","sr":1,"ks":{"o":{"a":0,"k":100,"ix":11},"r":{"a":0,"k":0,"ix":10},"p":{"a":0,"k":[69,97,0],"ix":2},"a":{"a":0,"k":[0,0,0],"ix":1},"s":{"a":0,"k":[100,100,100],"ix":6}},"ao":0,"shapes":[{"ty":"gr","it":[{"ind":0,"ty":"sh","ix":1,"ks":{"a":0,"k":{"i":[[0,0],[-33.073,0],[-1.317,-32.755]],"o":[[1.317,-32.755],[33.073,0],[0,0]],"v":[[-65.389,-34.875],[-3.939,-93.875],[57.51,-34.875]],"c":true},"ix":2},"nm":"Path 1","mn":"ADBE Vector Shape - Group","hd":false},{"ty":"st","c":{"a":0,"k":[0.807843148708,0.917647063732,0.839215695858,1],"ix":3},"o":{"a":0,"k":100,"ix":4},"w":{"a":0,"k":5,"ix":5},"lc":1,"lj":1,"ml":10,"ml2":{"a":0,"k":10,"ix":8},"bm":0,"nm":"Stroke 1","mn":"ADBE Vector Graphic - Stroke","hd":false},{"ty":"tr","p":{"a":0,"k":[0,0],"ix":2},"a":{"a":0,"k":[0,0],"ix":1},"s":{"a":0,"k":[100,100],"ix":3},"r":{"a":0,"k":0,"ix":6},"o":{"a":0,"k":100,"ix":7},"sk":{"a":0,"k":0,"ix":4},"sa":{"a":0,"k":0,"ix":5},"nm":"Transform"}],"nm":".lightstroke","np":2,"cix":2,"bm":0,"ix":1,"mn":"ADBE Vector Group","hd":false,"cl":"lightstroke"},{"ty":"tm","s":{"a":1,"k":[{"i":{"x":[0.16],"y":[1]},"o":{"x":[0.84],"y":[0]},"n":["0p16_1_0p84_0"],"t":0,"s":[100],"e":[0]},{"i":{"x":[0.16],"y":[1]},"o":{"x":[0.84],"y":[0]},"n":["0p16_1_0p84_0"],"t":15,"s":[0],"e":[0]},{"i":{"x":[0.16],"y":[1]},"o":{"x":[0.84],"y":[0]},"n":["0p16_1_0p84_0"],"t":30,"s":[0],"e":[100]},{"t":44}],"ix":1},"e":{"a":0,"k":100,"ix":2},"o":{"a":0,"k":0,"ix":3},"m":1,"ix":2,"nm":"Trim Paths 1","mn":"ADBE Vector Filter - Trim","hd":false}],"ip":0,"op":45,"st":0,"bm":0}],"markers":[{"tm":15,"cm":"1","dr":0},{"tm":30,"cm":"2","dr":0}]}