{"v":"5.4.3","fr":30,"ip":0,"op":45,"w":130,"h":193,"nm":"01","ddd":0,"assets":[],"layers":[{"ddd":0,"ind":1,"ty":4,"nm":".number-1","cl":"number-1","td":1,"sr":1,"ks":{"o":{"a":0,"k":100,"ix":11},"r":{"a":0,"k":0,"ix":10},"p":{"a":0,"k":[34.5,96.5,0],"ix":2},"a":{"a":0,"k":[0,0,0],"ix":1},"s":{"a":0,"k":[100,100,100],"ix":6}},"ao":0,"shapes":[{"ty":"gr","it":[{"ind":0,"ty":"sh","ix":1,"ks":{"a":0,"k":{"i":[[-0.833,1.332],[0,0],[0,0],[0,0],[0,0]],"o":[[0,0],[0,0],[0,0],[0,0],[-1.571,0]],"v":[[-34.027,-34.935],[4.061,-95.875],[60.061,-95.875],[60.061,-31.875],[-32.331,-31.875]],"c":true},"ix":2},"nm":"Path 1","mn":"ADBE Vector Shape - Group","hd":false},{"ty":"fl","c":{"a":0,"k":[0.984313726425,0.737254917622,0.015686275437,1],"ix":4},"o":{"a":0,"k":100,"ix":5},"r":1,"bm":0,"nm":"Fill 1","mn":"ADBE Vector Graphic - Fill","hd":false},{"ty":"tr","p":{"a":0,"k":[0,0],"ix":2},"a":{"a":0,"k":[0,0],"ix":1},"s":{"a":0,"k":[100,100],"ix":3},"r":{"a":0,"k":0,"ix":6},"o":{"a":0,"k":100,"ix":7},"sk":{"a":0,"k":0,"ix":4},"sa":{"a":0,"k":0,"ix":5},"nm":"Transform"}],"nm":"Group 1","np":2,"cix":2,"bm":0,"ix":1,"mn":"ADBE Vector Group","hd":false}],"ip":0,"op":45,"st":0,"bm":0},{"ddd":0,"ind":2,"ty":4,"nm":".number-1 .darkfill","cl":"number-1 darkfill","tt":1,"sr":1,"ks":{"o":{"a":0,"k":100,"ix":11},"r":{"a":0,"k":0,"ix":10},"p":{"a":1,"k":[{"i":{"x":0.16,"y":1},"o":{"x":0.84,"y":0},"n":"0p16_1_0p84_0","t":0,"s":[34.5,162,0],"e":[34.5,96.5,0],"to":[0,-10.9166669845581,0],"ti":[0,10.9166669845581,0]},{"i":{"x":0.16,"y":0.16},"o":{"x":0.84,"y":0.84},"n":"0p16_0p16_0p84_0p84","t":15,"s":[34.5,96.5,0],"e":[34.5,96.5,0],"to":[0,0,0],"ti":[0,0,0]},{"i":{"x":0.16,"y":1},"o":{"x":0.84,"y":0},"n":"0p16_1_0p84_0","t":30,"s":[34.5,96.5,0],"e":[34.5,162,0],"to":[0,10.9166669845581,0],"ti":[0,-10.9166669845581,0]},{"t":44}],"ix":2},"a":{"a":0,"k":[0,0,0],"ix":1},"s":{"a":0,"k":[100,100,100],"ix":6}},"ao":0,"shapes":[{"ty":"gr","it":[{"ind":0,"ty":"sh","ix":1,"ks":{"a":0,"k":{"i":[[-0.833,1.332],[0,0],[0,0],[0,0],[0,0],[0,0]],"o":[[0,0],[0,0],[0,0],[0,0],[0,0],[-1.571,0]],"v":[[-34.027,-34.935],[-9.065,-74.875],[4.061,-95.875],[60.061,-95.875],[60.061,-31.875],[-32.331,-31.875]],"c":true},"ix":2},"nm":"Path 1","mn":"ADBE Vector Shape - Group","hd":false},{"ty":"fl","c":{"a":0,"k":[0.984313726425,0.737254917622,0.015686275437,1],"ix":4},"o":{"a":0,"k":100,"ix":5},"r":1,"bm":0,"nm":"Fill 1","mn":"ADBE Vector Graphic - Fill","hd":false},{"ty":"tr","p":{"a":0,"k":[0,0],"ix":2},"a":{"a":0,"k":[0,0],"ix":1},"s":{"a":0,"k":[100,100],"ix":3},"r":{"a":0,"k":0,"ix":6},"o":{"a":0,"k":100,"ix":7},"sk":{"a":0,"k":0,"ix":4},"sa":{"a":0,"k":0,"ix":5},"nm":"Transform"}],"nm":".darkfill","np":2,"cix":2,"bm":0,"ix":1,"mn":"ADBE Vector Group","hd":false,"cl":"darkfill"}],"ip":0,"op":45,"st":0,"bm":0},{"ddd":0,"ind":3,"ty":4,"nm":".number-1 .lightfill","cl":"number-1 lightfill","sr":1,"ks":{"o":{"a":0,"k":100,"ix":11},"r":{"a":0,"k":0,"ix":10},"p":{"a":0,"k":[34.5,96.5,0],"ix":2},"a":{"a":0,"k":[0,0,0],"ix":1},"s":{"a":0,"k":[100,100,100],"ix":6}},"ao":0,"shapes":[{"ty":"gr","it":[{"ind":0,"ty":"sh","ix":1,"ks":{"a":0,"k":{"i":[[0,0],[0,0],[0,0],[0,0]],"o":[[0,0],[0,0],[0,0],[0,0]],"v":[[-1.85,93.625],[-1.85,-29.375],[57.15,-29.375],[57.15,93.625]],"c":true},"ix":2},"nm":"Path 1","mn":"ADBE Vector Shape - Group","hd":false},{"ty":"st","c":{"a":0,"k":[0.996078431373,0.937254901961,0.764705882353,1],"ix":3},"o":{"a":0,"k":100,"ix":4},"w":{"a":0,"k":6,"ix":5},"lc":1,"lj":1,"ml":10,"ml2":{"a":0,"k":10,"ix":8},"bm":0,"nm":"Stroke 1","mn":"ADBE Vector Graphic - Stroke","hd":false},{"ty":"tr","p":{"a":0,"k":[0,0],"ix":2},"a":{"a":0,"k":[0,0],"ix":1},"s":{"a":0,"k":[100,100],"ix":3},"r":{"a":0,"k":0,"ix":6},"o":{"a":0,"k":100,"ix":7},"sk":{"a":0,"k":0,"ix":4},"sa":{"a":0,"k":0,"ix":5},"nm":"Transform"}],"nm":".lightstroke","np":2,"cix":2,"bm":0,"ix":1,"mn":"ADBE Vector Group","hd":false,"cl":"lightstroke"},{"ty":"tm","s":{"a":1,"k":[{"i":{"x":[0.16],"y":[1]},"o":{"x":[0.84],"y":[0]},"n":["0p16_1_0p84_0"],"t":0,"s":[100],"e":[0]},{"i":{"x":[0.16],"y":[1]},"o":{"x":[0.84],"y":[0]},"n":["0p16_1_0p84_0"],"t":15,"s":[0],"e":[0]},{"i":{"x":[0.16],"y":[1]},"o":{"x":[0.84],"y":[0]},"n":["0p16_1_0p84_0"],"t":30,"s":[0],"e":[100]},{"t":44}],"ix":1},"e":{"a":0,"k":100,"ix":2},"o":{"a":0,"k":0,"ix":3},"m":1,"ix":2,"nm":"Trim Paths 1","mn":"ADBE Vector Filter - Trim","hd":false}],"ip":0,"op":45,"st":0,"bm":0}],"markers":[{"tm":15,"cm":"1","dr":0},{"tm":30,"cm":"2","dr":0}]}
